{
  "GenerateToken" : {
    "transaction" : "GenerateToken",
    "sampleCount" : 1,
    "errorCount" : 0,
    "errorPct" : 0.0,
    "meanResTime" : 102.0,
    "medianResTime" : 102.0,
    "minResTime" : 102.0,
    "maxResTime" : 102.0,
    "pct1ResTime" : 102.0,
    "pct2ResTime" : 102.0,
    "pct3ResTime" : 102.0,
    "throughput" : 9.803921568627452,
    "receivedKBytesPerSec" : 5.1125919117647065,
    "sentKBytesPerSec" : 2.6903339460784315
  },
  "Authorized" : {
    "transaction" : "Authorized",
    "sampleCount" : 1,
    "errorCount" : 0,
    "errorPct" : 0.0,
    "meanResTime" : 83.0,
    "medianResTime" : 83.0,
    "minResTime" : 83.0,
    "maxResTime" : 83.0,
    "pct1ResTime" : 83.0,
    "pct2ResTime" : 83.0,
    "pct3ResTime" : 83.0,
    "throughput" : 12.048192771084338,
    "receivedKBytesPerSec" : 2.894390060240964,
    "sentKBytesPerSec" : 3.270896084337349
  },
  "Total" : {
    "transaction" : "Total",
    "sampleCount" : 3,
    "errorCount" : 0,
    "errorPct" : 0.0,
    "meanResTime" : 1881.3333333333335,
    "medianResTime" : 102.0,
    "minResTime" : 83.0,
    "maxResTime" : 5459.0,
    "pct1ResTime" : 5459.0,
    "pct2ResTime" : 5459.0,
    "pct3ResTime" : 5459.0,
    "throughput" : 0.30568575504381496,
    "receivedKBytesPerSec" : 0.11085088903607092,
    "sentKBytesPerSec" : 0.08269038490931323
  },
  "CreateUser" : {
    "transaction" : "CreateUser",
    "sampleCount" : 1,
    "errorCount" : 0,
    "errorPct" : 0.0,
    "meanResTime" : 5459.0,
    "medianResTime" : 5459.0,
    "minResTime" : 5459.0,
    "maxResTime" : 5459.0,
    "pct1ResTime" : 5459.0,
    "pct2ResTime" : 5459.0,
    "pct3ResTime" : 5459.0,
    "throughput" : 0.18318373328448434,
    "receivedKBytesPerSec" : 0.05974938175490017,
    "sentKBytesPerSec" : 0.04865817915369115
  }
}