{
  "GenerateToken" : {
    "transaction" : "GenerateToken",
    "sampleCount" : 1,
    "errorCount" : 0,
    "errorPct" : 0.0,
    "meanResTime" : 106.0,
    "medianResTime" : 106.0,
    "minResTime" : 106.0,
    "maxResTime" : 106.0,
    "pct1ResTime" : 106.0,
    "pct2ResTime" : 106.0,
    "pct3ResTime" : 106.0,
    "throughput" : 9.433962264150942,
    "receivedKBytesPerSec" : 4.91966391509434,
    "sentKBytesPerSec" : 2.5888119103773586
  },
  "Authorized" : {
    "transaction" : "Authorized",
    "sampleCount" : 1,
    "errorCount" : 0,
    "errorPct" : 0.0,
    "meanResTime" : 85.0,
    "medianResTime" : 85.0,
    "minResTime" : 85.0,
    "maxResTime" : 85.0,
    "pct1ResTime" : 85.0,
    "pct2ResTime" : 85.0,
    "pct3ResTime" : 85.0,
    "throughput" : 11.76470588235294,
    "receivedKBytesPerSec" : 2.8262867647058822,
    "sentKBytesPerSec" : 3.1939338235294117
  },
  "Total" : {
    "transaction" : "Total",
    "sampleCount" : 3,
    "errorCount" : 0,
    "errorPct" : 0.0,
    "meanResTime" : 1288.0,
    "medianResTime" : 106.0,
    "minResTime" : 85.0,
    "maxResTime" : 3673.0,
    "pct1ResTime" : 3673.0,
    "pct2ResTime" : 3673.0,
    "pct3ResTime" : 3673.0,
    "throughput" : 0.36656891495601174,
    "receivedKBytesPerSec" : 0.1329289619990225,
    "sentKBytesPerSec" : 0.09915975531524927
  },
  "CreateUser" : {
    "transaction" : "CreateUser",
    "sampleCount" : 1,
    "errorCount" : 0,
    "errorPct" : 0.0,
    "meanResTime" : 3673.0,
    "medianResTime" : 3673.0,
    "minResTime" : 3673.0,
    "maxResTime" : 3673.0,
    "pct1ResTime" : 3673.0,
    "pct2ResTime" : 3673.0,
    "pct3ResTime" : 3673.0,
    "throughput" : 0.27225701061802343,
    "receivedKBytesPerSec" : 0.0888025796351756,
    "sentKBytesPerSec" : 0.07231826844541246
  }
}