{
  "GenerateToken" : {
    "transaction" : "GenerateToken",
    "sampleCount" : 1,
    "errorCount" : 0,
    "errorPct" : 0.0,
    "meanResTime" : 105.0,
    "medianResTime" : 105.0,
    "minResTime" : 105.0,
    "maxResTime" : 105.0,
    "pct1ResTime" : 105.0,
    "pct2ResTime" : 105.0,
    "pct3ResTime" : 105.0,
    "throughput" : 9.523809523809526,
    "receivedKBytesPerSec" : 4.966517857142858,
    "sentKBytesPerSec" : 2.613467261904762
  },
  "Authorized" : {
    "transaction" : "Authorized",
    "sampleCount" : 1,
    "errorCount" : 0,
    "errorPct" : 0.0,
    "meanResTime" : 88.0,
    "medianResTime" : 88.0,
    "minResTime" : 88.0,
    "maxResTime" : 88.0,
    "pct1ResTime" : 88.0,
    "pct2ResTime" : 88.0,
    "pct3ResTime" : 88.0,
    "throughput" : 11.363636363636363,
    "receivedKBytesPerSec" : 2.7299360795454546,
    "sentKBytesPerSec" : 3.0850497159090913
  },
  "Total" : {
    "transaction" : "Total",
    "sampleCount" : 3,
    "errorCount" : 0,
    "errorPct" : 0.0,
    "meanResTime" : 1689.3333333333335,
    "medianResTime" : 105.0,
    "minResTime" : 88.0,
    "maxResTime" : 4875.0,
    "pct1ResTime" : 4875.0,
    "pct2ResTime" : 4875.0,
    "pct3ResTime" : 4875.0,
    "throughput" : 0.3434065934065934,
    "receivedKBytesPerSec" : 0.12452960451007325,
    "sentKBytesPerSec" : 0.0928941663804945
  },
  "CreateUser" : {
    "transaction" : "CreateUser",
    "sampleCount" : 1,
    "errorCount" : 0,
    "errorPct" : 0.0,
    "meanResTime" : 4875.0,
    "medianResTime" : 4875.0,
    "minResTime" : 4875.0,
    "maxResTime" : 4875.0,
    "pct1ResTime" : 4875.0,
    "pct2ResTime" : 4875.0,
    "pct3ResTime" : 4875.0,
    "throughput" : 0.20512820512820512,
    "receivedKBytesPerSec" : 0.06690705128205128,
    "sentKBytesPerSec" : 0.05448717948717949
  }
}