{
  "GenerateToken" : {
    "transaction" : "GenerateToken",
    "sampleCount" : 1,
    "errorCount" : 0,
    "errorPct" : 0.0,
    "meanResTime" : 161.0,
    "medianResTime" : 161.0,
    "minResTime" : 161.0,
    "maxResTime" : 161.0,
    "pct1ResTime" : 161.0,
    "pct2ResTime" : 161.0,
    "pct3ResTime" : 161.0,
    "throughput" : 6.211180124223602,
    "receivedKBytesPerSec" : 3.2390333850931676,
    "sentKBytesPerSec" : 1.7044351708074534
  },
  "Authorized" : {
    "transaction" : "Authorized",
    "sampleCount" : 1,
    "errorCount" : 0,
    "errorPct" : 0.0,
    "meanResTime" : 94.0,
    "medianResTime" : 94.0,
    "minResTime" : 94.0,
    "maxResTime" : 94.0,
    "pct1ResTime" : 94.0,
    "pct2ResTime" : 94.0,
    "pct3ResTime" : 94.0,
    "throughput" : 10.638297872340425,
    "receivedKBytesPerSec" : 2.555684840425532,
    "sentKBytesPerSec" : 2.88813164893617
  },
  "Total" : {
    "transaction" : "Total",
    "sampleCount" : 3,
    "errorCount" : 0,
    "errorPct" : 0.0,
    "meanResTime" : 2088.0,
    "medianResTime" : 161.0,
    "minResTime" : 94.0,
    "maxResTime" : 6009.0,
    "pct1ResTime" : 6009.0,
    "pct2ResTime" : 6009.0,
    "pct3ResTime" : 6009.0,
    "throughput" : 0.2858776443682104,
    "receivedKBytesPerSec" : 0.10366786973508672,
    "sentKBytesPerSec" : 0.07733213622069754
  },
  "CreateUser" : {
    "transaction" : "CreateUser",
    "sampleCount" : 1,
    "errorCount" : 0,
    "errorPct" : 0.0,
    "meanResTime" : 6009.0,
    "medianResTime" : 6009.0,
    "minResTime" : 6009.0,
    "maxResTime" : 6009.0,
    "pct1ResTime" : 6009.0,
    "pct2ResTime" : 6009.0,
    "pct3ResTime" : 6009.0,
    "throughput" : 0.16641704110500916,
    "receivedKBytesPerSec" : 0.054280558329172904,
    "sentKBytesPerSec" : 0.04420452654351805
  }
}