{
  "GenerateToken" : {
    "transaction" : "GenerateToken",
    "sampleCount" : 1,
    "errorCount" : 0,
    "errorPct" : 0.0,
    "meanResTime" : 117.0,
    "medianResTime" : 117.0,
    "minResTime" : 117.0,
    "maxResTime" : 117.0,
    "pct1ResTime" : 117.0,
    "pct2ResTime" : 117.0,
    "pct3ResTime" : 117.0,
    "throughput" : 8.547008547008549,
    "receivedKBytesPerSec" : 4.45713141025641,
    "sentKBytesPerSec" : 2.3454193376068373
  },
  "Authorized" : {
    "transaction" : "Authorized",
    "sampleCount" : 1,
    "errorCount" : 0,
    "errorPct" : 0.0,
    "meanResTime" : 79.0,
    "medianResTime" : 79.0,
    "minResTime" : 79.0,
    "maxResTime" : 79.0,
    "pct1ResTime" : 79.0,
    "pct2ResTime" : 79.0,
    "pct3ResTime" : 79.0,
    "throughput" : 12.658227848101266,
    "receivedKBytesPerSec" : 3.0409414556962027,
    "sentKBytesPerSec" : 3.436511075949367
  },
  "Total" : {
    "transaction" : "Total",
    "sampleCount" : 3,
    "errorCount" : 0,
    "errorPct" : 0.0,
    "meanResTime" : 2300.0,
    "medianResTime" : 117.0,
    "minResTime" : 79.0,
    "maxResTime" : 6704.0,
    "pct1ResTime" : 6704.0,
    "pct2ResTime" : 6704.0,
    "pct3ResTime" : 6704.0,
    "throughput" : 0.23845481281297193,
    "receivedKBytesPerSec" : 0.08647091844845402,
    "sentKBytesPerSec" : 0.06450388979413402
  },
  "CreateUser" : {
    "transaction" : "CreateUser",
    "sampleCount" : 1,
    "errorCount" : 0,
    "errorPct" : 0.0,
    "meanResTime" : 6704.0,
    "medianResTime" : 6704.0,
    "minResTime" : 6704.0,
    "maxResTime" : 6704.0,
    "pct1ResTime" : 6704.0,
    "pct2ResTime" : 6704.0,
    "pct3ResTime" : 6704.0,
    "throughput" : 0.14916467780429596,
    "receivedKBytesPerSec" : 0.04865332264319809,
    "sentKBytesPerSec" : 0.03962186754176611
  }
}