{
  "GenerateToken" : {
    "transaction" : "GenerateToken",
    "sampleCount" : 1,
    "errorCount" : 0,
    "errorPct" : 0.0,
    "meanResTime" : 114.0,
    "medianResTime" : 114.0,
    "minResTime" : 114.0,
    "maxResTime" : 114.0,
    "pct1ResTime" : 114.0,
    "pct2ResTime" : 114.0,
    "pct3ResTime" : 114.0,
    "throughput" : 8.771929824561402,
    "receivedKBytesPerSec" : 4.574424342105263,
    "sentKBytesPerSec" : 2.407140899122807
  },
  "Authorized" : {
    "transaction" : "Authorized",
    "sampleCount" : 1,
    "errorCount" : 0,
    "errorPct" : 0.0,
    "meanResTime" : 90.0,
    "medianResTime" : 90.0,
    "minResTime" : 90.0,
    "maxResTime" : 90.0,
    "pct1ResTime" : 90.0,
    "pct2ResTime" : 90.0,
    "pct3ResTime" : 90.0,
    "throughput" : 11.11111111111111,
    "receivedKBytesPerSec" : 2.6692708333333335,
    "sentKBytesPerSec" : 3.016493055555556
  },
  "Total" : {
    "transaction" : "Total",
    "sampleCount" : 3,
    "errorCount" : 0,
    "errorPct" : 0.0,
    "meanResTime" : 1653.3333333333335,
    "medianResTime" : 114.0,
    "minResTime" : 90.0,
    "maxResTime" : 4756.0,
    "pct1ResTime" : 4756.0,
    "pct2ResTime" : 4756.0,
    "pct3ResTime" : 4756.0,
    "throughput" : 0.281478701444924,
    "receivedKBytesPerSec" : 0.10207268014636893,
    "sentKBytesPerSec" : 0.07614218779320699
  },
  "CreateUser" : {
    "transaction" : "CreateUser",
    "sampleCount" : 1,
    "errorCount" : 0,
    "errorPct" : 0.0,
    "meanResTime" : 4756.0,
    "medianResTime" : 4756.0,
    "minResTime" : 4756.0,
    "maxResTime" : 4756.0,
    "pct1ResTime" : 4756.0,
    "pct2ResTime" : 4756.0,
    "pct3ResTime" : 4756.0,
    "throughput" : 0.21026072329688814,
    "receivedKBytesPerSec" : 0.06858113435660218,
    "sentKBytesPerSec" : 0.05585050462573591
  }
}