{
  "GenerateToken" : {
    "transaction" : "GenerateToken",
    "sampleCount" : 1,
    "errorCount" : 0,
    "errorPct" : 0.0,
    "meanResTime" : 99.0,
    "medianResTime" : 99.0,
    "minResTime" : 99.0,
    "maxResTime" : 99.0,
    "pct1ResTime" : 99.0,
    "pct2ResTime" : 99.0,
    "pct3ResTime" : 99.0,
    "throughput" : 10.101010101010102,
    "receivedKBytesPerSec" : 5.2675189393939394,
    "sentKBytesPerSec" : 2.771859217171717
  },
  "Authorized" : {
    "transaction" : "Authorized",
    "sampleCount" : 1,
    "errorCount" : 0,
    "errorPct" : 0.0,
    "meanResTime" : 79.0,
    "medianResTime" : 79.0,
    "minResTime" : 79.0,
    "maxResTime" : 79.0,
    "pct1ResTime" : 79.0,
    "pct2ResTime" : 79.0,
    "pct3ResTime" : 79.0,
    "throughput" : 12.658227848101266,
    "receivedKBytesPerSec" : 3.0409414556962027,
    "sentKBytesPerSec" : 3.436511075949367
  },
  "Total" : {
    "transaction" : "Total",
    "sampleCount" : 3,
    "errorCount" : 0,
    "errorPct" : 0.0,
    "meanResTime" : 1188.3333333333335,
    "medianResTime" : 99.0,
    "minResTime" : 79.0,
    "maxResTime" : 3387.0,
    "pct1ResTime" : 3387.0,
    "pct2ResTime" : 3387.0,
    "pct3ResTime" : 3387.0,
    "throughput" : 0.39645830580150654,
    "receivedKBytesPerSec" : 0.14376775802828068,
    "sentKBytesPerSec" : 0.10724506904982159
  },
  "CreateUser" : {
    "transaction" : "CreateUser",
    "sampleCount" : 1,
    "errorCount" : 0,
    "errorPct" : 0.0,
    "meanResTime" : 3387.0,
    "medianResTime" : 3387.0,
    "minResTime" : 3387.0,
    "maxResTime" : 3387.0,
    "pct1ResTime" : 3387.0,
    "pct2ResTime" : 3387.0,
    "pct3ResTime" : 3387.0,
    "throughput" : 0.29524653085326247,
    "receivedKBytesPerSec" : 0.09630111455565397,
    "sentKBytesPerSec" : 0.07842485975789784
  }
}