{
  "GenerateToken" : {
    "transaction" : "GenerateToken",
    "sampleCount" : 1,
    "errorCount" : 0,
    "errorPct" : 0.0,
    "meanResTime" : 106.0,
    "medianResTime" : 106.0,
    "minResTime" : 106.0,
    "maxResTime" : 106.0,
    "pct1ResTime" : 106.0,
    "pct2ResTime" : 106.0,
    "pct3ResTime" : 106.0,
    "throughput" : 9.433962264150942,
    "receivedKBytesPerSec" : 4.91966391509434,
    "sentKBytesPerSec" : 2.5888119103773586
  },
  "Authorized" : {
    "transaction" : "Authorized",
    "sampleCount" : 1,
    "errorCount" : 0,
    "errorPct" : 0.0,
    "meanResTime" : 87.0,
    "medianResTime" : 87.0,
    "minResTime" : 87.0,
    "maxResTime" : 87.0,
    "pct1ResTime" : 87.0,
    "pct2ResTime" : 87.0,
    "pct3ResTime" : 87.0,
    "throughput" : 11.494252873563218,
    "receivedKBytesPerSec" : 2.761314655172414,
    "sentKBytesPerSec" : 3.1205100574712645
  },
  "Total" : {
    "transaction" : "Total",
    "sampleCount" : 3,
    "errorCount" : 0,
    "errorPct" : 0.0,
    "meanResTime" : 1430.6666666666665,
    "medianResTime" : 106.0,
    "minResTime" : 87.0,
    "maxResTime" : 4099.0,
    "pct1ResTime" : 4099.0,
    "pct2ResTime" : 4099.0,
    "pct3ResTime" : 4099.0,
    "throughput" : 0.3844675124951942,
    "receivedKBytesPerSec" : 0.1394195341535307,
    "sentKBytesPerSec" : 0.10400146578239139
  },
  "CreateUser" : {
    "transaction" : "CreateUser",
    "sampleCount" : 1,
    "errorCount" : 0,
    "errorPct" : 0.0,
    "meanResTime" : 4099.0,
    "medianResTime" : 4099.0,
    "minResTime" : 4099.0,
    "maxResTime" : 4099.0,
    "pct1ResTime" : 4099.0,
    "pct2ResTime" : 4099.0,
    "pct3ResTime" : 4099.0,
    "throughput" : 0.2439619419370578,
    "receivedKBytesPerSec" : 0.07957352403025128,
    "sentKBytesPerSec" : 0.06480239082703099
  }
}