{
  "GenerateToken" : {
    "transaction" : "GenerateToken",
    "sampleCount" : 1,
    "errorCount" : 0,
    "errorPct" : 0.0,
    "meanResTime" : 104.0,
    "medianResTime" : 104.0,
    "minResTime" : 104.0,
    "maxResTime" : 104.0,
    "pct1ResTime" : 104.0,
    "pct2ResTime" : 104.0,
    "pct3ResTime" : 104.0,
    "throughput" : 9.615384615384617,
    "receivedKBytesPerSec" : 5.014272836538462,
    "sentKBytesPerSec" : 2.6385967548076925
  },
  "Authorized" : {
    "transaction" : "Authorized",
    "sampleCount" : 1,
    "errorCount" : 0,
    "errorPct" : 0.0,
    "meanResTime" : 85.0,
    "medianResTime" : 85.0,
    "minResTime" : 85.0,
    "maxResTime" : 85.0,
    "pct1ResTime" : 85.0,
    "pct2ResTime" : 85.0,
    "pct3ResTime" : 85.0,
    "throughput" : 11.76470588235294,
    "receivedKBytesPerSec" : 2.8262867647058822,
    "sentKBytesPerSec" : 3.1939338235294117
  },
  "Total" : {
    "transaction" : "Total",
    "sampleCount" : 3,
    "errorCount" : 0,
    "errorPct" : 0.0,
    "meanResTime" : 1268.3333333333335,
    "medianResTime" : 104.0,
    "minResTime" : 85.0,
    "maxResTime" : 3616.0,
    "pct1ResTime" : 3616.0,
    "pct2ResTime" : 3616.0,
    "pct3ResTime" : 3616.0,
    "throughput" : 0.39719316827750567,
    "receivedKBytesPerSec" : 0.1440342413610486,
    "sentKBytesPerSec" : 0.10744385509069244
  },
  "CreateUser" : {
    "transaction" : "CreateUser",
    "sampleCount" : 1,
    "errorCount" : 0,
    "errorPct" : 0.0,
    "meanResTime" : 3616.0,
    "medianResTime" : 3616.0,
    "minResTime" : 3616.0,
    "maxResTime" : 3616.0,
    "pct1ResTime" : 3616.0,
    "pct2ResTime" : 3616.0,
    "pct3ResTime" : 3616.0,
    "throughput" : 0.27654867256637167,
    "receivedKBytesPerSec" : 0.09020239905973451,
    "sentKBytesPerSec" : 0.07345824115044247
  }
}