{
  "GenerateToken" : {
    "transaction" : "GenerateToken",
    "sampleCount" : 1,
    "errorCount" : 0,
    "errorPct" : 0.0,
    "meanResTime" : 111.0,
    "medianResTime" : 111.0,
    "minResTime" : 111.0,
    "maxResTime" : 111.0,
    "pct1ResTime" : 111.0,
    "pct2ResTime" : 111.0,
    "pct3ResTime" : 111.0,
    "throughput" : 9.00900900900901,
    "receivedKBytesPerSec" : 4.6980574324324325,
    "sentKBytesPerSec" : 2.4721987612612613
  },
  "Authorized" : {
    "transaction" : "Authorized",
    "sampleCount" : 1,
    "errorCount" : 0,
    "errorPct" : 0.0,
    "meanResTime" : 92.0,
    "medianResTime" : 92.0,
    "minResTime" : 92.0,
    "maxResTime" : 92.0,
    "pct1ResTime" : 92.0,
    "pct2ResTime" : 92.0,
    "pct3ResTime" : 92.0,
    "throughput" : 10.869565217391305,
    "receivedKBytesPerSec" : 2.6112432065217392,
    "sentKBytesPerSec" : 2.9509171195652173
  },
  "Total" : {
    "transaction" : "Total",
    "sampleCount" : 3,
    "errorCount" : 0,
    "errorPct" : 0.0,
    "meanResTime" : 1280.3333333333335,
    "medianResTime" : 111.0,
    "minResTime" : 92.0,
    "maxResTime" : 3638.0,
    "pct1ResTime" : 3638.0,
    "pct2ResTime" : 3638.0,
    "pct3ResTime" : 3638.0,
    "throughput" : 0.3722546221615585,
    "receivedKBytesPerSec" : 0.13499077118749225,
    "sentKBytesPerSec" : 0.10069778353393723
  },
  "CreateUser" : {
    "transaction" : "CreateUser",
    "sampleCount" : 1,
    "errorCount" : 0,
    "errorPct" : 0.0,
    "meanResTime" : 3638.0,
    "medianResTime" : 3638.0,
    "minResTime" : 3638.0,
    "maxResTime" : 3638.0,
    "pct1ResTime" : 3638.0,
    "pct2ResTime" : 3638.0,
    "pct3ResTime" : 3638.0,
    "throughput" : 0.2748763056624519,
    "receivedKBytesPerSec" : 0.08965692001099505,
    "sentKBytesPerSec" : 0.07301401869158879
  }
}