{
  "GenerateToken" : {
    "transaction" : "GenerateToken",
    "sampleCount" : 1,
    "errorCount" : 0,
    "errorPct" : 0.0,
    "meanResTime" : 110.0,
    "medianResTime" : 110.0,
    "minResTime" : 110.0,
    "maxResTime" : 110.0,
    "pct1ResTime" : 110.0,
    "pct2ResTime" : 110.0,
    "pct3ResTime" : 110.0,
    "throughput" : 9.09090909090909,
    "receivedKBytesPerSec" : 4.740767045454546,
    "sentKBytesPerSec" : 2.4946732954545454
  },
  "Authorized" : {
    "transaction" : "Authorized",
    "sampleCount" : 1,
    "errorCount" : 0,
    "errorPct" : 0.0,
    "meanResTime" : 93.0,
    "medianResTime" : 93.0,
    "minResTime" : 93.0,
    "maxResTime" : 93.0,
    "pct1ResTime" : 93.0,
    "pct2ResTime" : 93.0,
    "pct3ResTime" : 93.0,
    "throughput" : 10.752688172043012,
    "receivedKBytesPerSec" : 2.583165322580645,
    "sentKBytesPerSec" : 2.9191868279569895
  },
  "Total" : {
    "transaction" : "Total",
    "sampleCount" : 3,
    "errorCount" : 0,
    "errorPct" : 0.0,
    "meanResTime" : 1768.0,
    "medianResTime" : 110.0,
    "minResTime" : 93.0,
    "maxResTime" : 5101.0,
    "pct1ResTime" : 5101.0,
    "pct2ResTime" : 5101.0,
    "pct3ResTime" : 5101.0,
    "throughput" : 0.29033194619181263,
    "receivedKBytesPerSec" : 0.10528313413335914,
    "sentKBytesPerSec" : 0.07853705966321495
  },
  "CreateUser" : {
    "transaction" : "CreateUser",
    "sampleCount" : 1,
    "errorCount" : 0,
    "errorPct" : 0.0,
    "meanResTime" : 5101.0,
    "medianResTime" : 5101.0,
    "minResTime" : 5101.0,
    "maxResTime" : 5101.0,
    "pct1ResTime" : 5101.0,
    "pct2ResTime" : 5101.0,
    "pct3ResTime" : 5101.0,
    "throughput" : 0.19603999215840032,
    "receivedKBytesPerSec" : 0.06394273181729072,
    "sentKBytesPerSec" : 0.05207312291707508
  }
}