{
  "GenerateToken" : {
    "transaction" : "GenerateToken",
    "sampleCount" : 1,
    "errorCount" : 0,
    "errorPct" : 0.0,
    "meanResTime" : 126.0,
    "medianResTime" : 126.0,
    "minResTime" : 126.0,
    "maxResTime" : 126.0,
    "pct1ResTime" : 126.0,
    "pct2ResTime" : 126.0,
    "pct3ResTime" : 126.0,
    "throughput" : 7.936507936507936,
    "receivedKBytesPerSec" : 4.1387648809523805,
    "sentKBytesPerSec" : 2.177889384920635
  },
  "Authorized" : {
    "transaction" : "Authorized",
    "sampleCount" : 1,
    "errorCount" : 0,
    "errorPct" : 0.0,
    "meanResTime" : 79.0,
    "medianResTime" : 79.0,
    "minResTime" : 79.0,
    "maxResTime" : 79.0,
    "pct1ResTime" : 79.0,
    "pct2ResTime" : 79.0,
    "pct3ResTime" : 79.0,
    "throughput" : 12.658227848101266,
    "receivedKBytesPerSec" : 3.0409414556962027,
    "sentKBytesPerSec" : 3.436511075949367
  },
  "Total" : {
    "transaction" : "Total",
    "sampleCount" : 3,
    "errorCount" : 0,
    "errorPct" : 0.0,
    "meanResTime" : 2818.0,
    "medianResTime" : 126.0,
    "minResTime" : 79.0,
    "maxResTime" : 8249.0,
    "pct1ResTime" : 8249.0,
    "pct2ResTime" : 8249.0,
    "pct3ResTime" : 8249.0,
    "throughput" : 0.21668472372697725,
    "receivedKBytesPerSec" : 0.07857642650776453,
    "sentKBytesPerSec" : 0.05861491061755146
  },
  "CreateUser" : {
    "transaction" : "CreateUser",
    "sampleCount" : 1,
    "errorCount" : 0,
    "errorPct" : 0.0,
    "meanResTime" : 8249.0,
    "medianResTime" : 8249.0,
    "minResTime" : 8249.0,
    "maxResTime" : 8249.0,
    "pct1ResTime" : 8249.0,
    "pct2ResTime" : 8249.0,
    "pct3ResTime" : 8249.0,
    "throughput" : 0.1212268153715602,
    "receivedKBytesPerSec" : 0.03954077767002061,
    "sentKBytesPerSec" : 0.03220087283307067
  }
}