{
  "GenerateToken" : {
    "transaction" : "GenerateToken",
    "sampleCount" : 1,
    "errorCount" : 0,
    "errorPct" : 0.0,
    "meanResTime" : 105.0,
    "medianResTime" : 105.0,
    "minResTime" : 105.0,
    "maxResTime" : 105.0,
    "pct1ResTime" : 105.0,
    "pct2ResTime" : 105.0,
    "pct3ResTime" : 105.0,
    "throughput" : 9.523809523809526,
    "receivedKBytesPerSec" : 4.966517857142858,
    "sentKBytesPerSec" : 2.613467261904762
  },
  "Authorized" : {
    "transaction" : "Authorized",
    "sampleCount" : 1,
    "errorCount" : 0,
    "errorPct" : 0.0,
    "meanResTime" : 85.0,
    "medianResTime" : 85.0,
    "minResTime" : 85.0,
    "maxResTime" : 85.0,
    "pct1ResTime" : 85.0,
    "pct2ResTime" : 85.0,
    "pct3ResTime" : 85.0,
    "throughput" : 11.76470588235294,
    "receivedKBytesPerSec" : 2.8262867647058822,
    "sentKBytesPerSec" : 3.1939338235294117
  },
  "Total" : {
    "transaction" : "Total",
    "sampleCount" : 3,
    "errorCount" : 0,
    "errorPct" : 0.0,
    "meanResTime" : 1990.3333333333335,
    "medianResTime" : 105.0,
    "minResTime" : 85.0,
    "maxResTime" : 5781.0,
    "pct1ResTime" : 5781.0,
    "pct2ResTime" : 5781.0,
    "pct3ResTime" : 5781.0,
    "throughput" : 0.27543150936467137,
    "receivedKBytesPerSec" : 0.09987978562247522,
    "sentKBytesPerSec" : 0.0745063750918105
  },
  "CreateUser" : {
    "transaction" : "CreateUser",
    "sampleCount" : 1,
    "errorCount" : 0,
    "errorPct" : 0.0,
    "meanResTime" : 5781.0,
    "medianResTime" : 5781.0,
    "minResTime" : 5781.0,
    "maxResTime" : 5781.0,
    "pct1ResTime" : 5781.0,
    "pct2ResTime" : 5781.0,
    "pct3ResTime" : 5781.0,
    "throughput" : 0.1729804532087874,
    "receivedKBytesPerSec" : 0.056421358761459955,
    "sentKBytesPerSec" : 0.045947932883584154
  }
}