{
  "GenerateToken" : {
    "transaction" : "GenerateToken",
    "sampleCount" : 1,
    "errorCount" : 0,
    "errorPct" : 0.0,
    "meanResTime" : 106.0,
    "medianResTime" : 106.0,
    "minResTime" : 106.0,
    "maxResTime" : 106.0,
    "pct1ResTime" : 106.0,
    "pct2ResTime" : 106.0,
    "pct3ResTime" : 106.0,
    "throughput" : 9.433962264150942,
    "receivedKBytesPerSec" : 4.91966391509434,
    "sentKBytesPerSec" : 2.5888119103773586
  },
  "Authorized" : {
    "transaction" : "Authorized",
    "sampleCount" : 1,
    "errorCount" : 0,
    "errorPct" : 0.0,
    "meanResTime" : 96.0,
    "medianResTime" : 96.0,
    "minResTime" : 96.0,
    "maxResTime" : 96.0,
    "pct1ResTime" : 96.0,
    "pct2ResTime" : 96.0,
    "pct3ResTime" : 96.0,
    "throughput" : 10.416666666666666,
    "receivedKBytesPerSec" : 2.50244140625,
    "sentKBytesPerSec" : 2.8279622395833335
  },
  "Total" : {
    "transaction" : "Total",
    "sampleCount" : 3,
    "errorCount" : 0,
    "errorPct" : 0.0,
    "meanResTime" : 1604.0,
    "medianResTime" : 106.0,
    "minResTime" : 96.0,
    "maxResTime" : 4610.0,
    "pct1ResTime" : 4610.0,
    "pct2ResTime" : 4610.0,
    "pct3ResTime" : 4610.0,
    "throughput" : 0.3500583430571762,
    "receivedKBytesPerSec" : 0.12694172987164526,
    "sentKBytesPerSec" : 0.0946935166277713
  },
  "CreateUser" : {
    "transaction" : "CreateUser",
    "sampleCount" : 1,
    "errorCount" : 0,
    "errorPct" : 0.0,
    "meanResTime" : 4610.0,
    "medianResTime" : 4610.0,
    "minResTime" : 4610.0,
    "maxResTime" : 4610.0,
    "pct1ResTime" : 4610.0,
    "pct2ResTime" : 4610.0,
    "pct3ResTime" : 4610.0,
    "throughput" : 0.21691973969631234,
    "receivedKBytesPerSec" : 0.07075311822125813,
    "sentKBytesPerSec" : 0.05761930585683297
  }
}