{
  "GenerateToken" : {
    "transaction" : "GenerateToken",
    "sampleCount" : 1,
    "errorCount" : 0,
    "errorPct" : 0.0,
    "meanResTime" : 122.0,
    "medianResTime" : 122.0,
    "minResTime" : 122.0,
    "maxResTime" : 122.0,
    "pct1ResTime" : 122.0,
    "pct2ResTime" : 122.0,
    "pct3ResTime" : 122.0,
    "throughput" : 8.196721311475411,
    "receivedKBytesPerSec" : 4.274462090163935,
    "sentKBytesPerSec" : 2.249295594262295
  },
  "Authorized" : {
    "transaction" : "Authorized",
    "sampleCount" : 1,
    "errorCount" : 0,
    "errorPct" : 0.0,
    "meanResTime" : 95.0,
    "medianResTime" : 95.0,
    "minResTime" : 95.0,
    "maxResTime" : 95.0,
    "pct1ResTime" : 95.0,
    "pct2ResTime" : 95.0,
    "pct3ResTime" : 95.0,
    "throughput" : 10.526315789473683,
    "receivedKBytesPerSec" : 2.528782894736842,
    "sentKBytesPerSec" : 2.8577302631578947
  },
  "Total" : {
    "transaction" : "Total",
    "sampleCount" : 3,
    "errorCount" : 0,
    "errorPct" : 0.0,
    "meanResTime" : 2189.333333333333,
    "medianResTime" : 122.0,
    "minResTime" : 95.0,
    "maxResTime" : 6351.0,
    "pct1ResTime" : 6351.0,
    "pct2ResTime" : 6351.0,
    "pct3ResTime" : 6351.0,
    "throughput" : 0.26726057906458794,
    "receivedKBytesPerSec" : 0.09691675946547884,
    "sentKBytesPerSec" : 0.072296074610245
  },
  "CreateUser" : {
    "transaction" : "CreateUser",
    "sampleCount" : 1,
    "errorCount" : 0,
    "errorPct" : 0.0,
    "meanResTime" : 6351.0,
    "medianResTime" : 6351.0,
    "minResTime" : 6351.0,
    "maxResTime" : 6351.0,
    "pct1ResTime" : 6351.0,
    "pct2ResTime" : 6351.0,
    "pct3ResTime" : 6351.0,
    "throughput" : 0.1574555188159345,
    "receivedKBytesPerSec" : 0.051357561801291134,
    "sentKBytesPerSec" : 0.0418241221854826
  }
}