{
  "GenerateToken" : {
    "transaction" : "GenerateToken",
    "sampleCount" : 1,
    "errorCount" : 0,
    "errorPct" : 0.0,
    "meanResTime" : 126.0,
    "medianResTime" : 126.0,
    "minResTime" : 126.0,
    "maxResTime" : 126.0,
    "pct1ResTime" : 126.0,
    "pct2ResTime" : 126.0,
    "pct3ResTime" : 126.0,
    "throughput" : 7.936507936507936,
    "receivedKBytesPerSec" : 4.1387648809523805,
    "sentKBytesPerSec" : 2.177889384920635
  },
  "Authorized" : {
    "transaction" : "Authorized",
    "sampleCount" : 1,
    "errorCount" : 0,
    "errorPct" : 0.0,
    "meanResTime" : 85.0,
    "medianResTime" : 85.0,
    "minResTime" : 85.0,
    "maxResTime" : 85.0,
    "pct1ResTime" : 85.0,
    "pct2ResTime" : 85.0,
    "pct3ResTime" : 85.0,
    "throughput" : 11.76470588235294,
    "receivedKBytesPerSec" : 2.8262867647058822,
    "sentKBytesPerSec" : 3.1939338235294117
  },
  "Total" : {
    "transaction" : "Total",
    "sampleCount" : 3,
    "errorCount" : 0,
    "errorPct" : 0.0,
    "meanResTime" : 2646.666666666667,
    "medianResTime" : 126.0,
    "minResTime" : 85.0,
    "maxResTime" : 7729.0,
    "pct1ResTime" : 7729.0,
    "pct2ResTime" : 7729.0,
    "pct3ResTime" : 7729.0,
    "throughput" : 0.23784983746927774,
    "receivedKBytesPerSec" : 0.08625153611353366,
    "sentKBytesPerSec" : 0.06434023923729486
  },
  "CreateUser" : {
    "transaction" : "CreateUser",
    "sampleCount" : 1,
    "errorCount" : 0,
    "errorPct" : 0.0,
    "meanResTime" : 7729.0,
    "medianResTime" : 7729.0,
    "minResTime" : 7729.0,
    "maxResTime" : 7729.0,
    "pct1ResTime" : 7729.0,
    "pct2ResTime" : 7729.0,
    "pct3ResTime" : 7729.0,
    "throughput" : 0.12938284383490747,
    "receivedKBytesPerSec" : 0.04220104476646397,
    "sentKBytesPerSec" : 0.0343673178936473
  }
}