{
  "GenerateToken" : {
    "transaction" : "GenerateToken",
    "sampleCount" : 1,
    "errorCount" : 0,
    "errorPct" : 0.0,
    "meanResTime" : 114.0,
    "medianResTime" : 114.0,
    "minResTime" : 114.0,
    "maxResTime" : 114.0,
    "pct1ResTime" : 114.0,
    "pct2ResTime" : 114.0,
    "pct3ResTime" : 114.0,
    "throughput" : 8.771929824561402,
    "receivedKBytesPerSec" : 4.574424342105263,
    "sentKBytesPerSec" : 2.407140899122807
  },
  "Authorized" : {
    "transaction" : "Authorized",
    "sampleCount" : 1,
    "errorCount" : 0,
    "errorPct" : 0.0,
    "meanResTime" : 83.0,
    "medianResTime" : 83.0,
    "minResTime" : 83.0,
    "maxResTime" : 83.0,
    "pct1ResTime" : 83.0,
    "pct2ResTime" : 83.0,
    "pct3ResTime" : 83.0,
    "throughput" : 12.048192771084338,
    "receivedKBytesPerSec" : 2.894390060240964,
    "sentKBytesPerSec" : 3.270896084337349
  },
  "Total" : {
    "transaction" : "Total",
    "sampleCount" : 3,
    "errorCount" : 0,
    "errorPct" : 0.0,
    "meanResTime" : 1405.0,
    "medianResTime" : 114.0,
    "minResTime" : 83.0,
    "maxResTime" : 4018.0,
    "pct1ResTime" : 4018.0,
    "pct2ResTime" : 4018.0,
    "pct3ResTime" : 4018.0,
    "throughput" : 0.37429819089207733,
    "receivedKBytesPerSec" : 0.13573183094198377,
    "sentKBytesPerSec" : 0.10125058484092327
  },
  "CreateUser" : {
    "transaction" : "CreateUser",
    "sampleCount" : 1,
    "errorCount" : 0,
    "errorPct" : 0.0,
    "meanResTime" : 4018.0,
    "medianResTime" : 4018.0,
    "minResTime" : 4018.0,
    "maxResTime" : 4018.0,
    "pct1ResTime" : 4018.0,
    "pct2ResTime" : 4018.0,
    "pct3ResTime" : 4018.0,
    "throughput" : 0.24888003982080636,
    "receivedKBytesPerSec" : 0.08117766923842708,
    "sentKBytesPerSec" : 0.0661087605774017
  }
}