{
  "GenerateToken" : {
    "transaction" : "GenerateToken",
    "sampleCount" : 1,
    "errorCount" : 0,
    "errorPct" : 0.0,
    "meanResTime" : 105.0,
    "medianResTime" : 105.0,
    "minResTime" : 105.0,
    "maxResTime" : 105.0,
    "pct1ResTime" : 105.0,
    "pct2ResTime" : 105.0,
    "pct3ResTime" : 105.0,
    "throughput" : 9.523809523809526,
    "receivedKBytesPerSec" : 4.966517857142858,
    "sentKBytesPerSec" : 2.613467261904762
  },
  "Authorized" : {
    "transaction" : "Authorized",
    "sampleCount" : 1,
    "errorCount" : 0,
    "errorPct" : 0.0,
    "meanResTime" : 81.0,
    "medianResTime" : 81.0,
    "minResTime" : 81.0,
    "maxResTime" : 81.0,
    "pct1ResTime" : 81.0,
    "pct2ResTime" : 81.0,
    "pct3ResTime" : 81.0,
    "throughput" : 12.345679012345679,
    "receivedKBytesPerSec" : 2.9658564814814814,
    "sentKBytesPerSec" : 3.351658950617284
  },
  "Total" : {
    "transaction" : "Total",
    "sampleCount" : 3,
    "errorCount" : 0,
    "errorPct" : 0.0,
    "meanResTime" : 1389.3333333333335,
    "medianResTime" : 105.0,
    "minResTime" : 81.0,
    "maxResTime" : 3982.0,
    "pct1ResTime" : 3982.0,
    "pct2ResTime" : 3982.0,
    "pct3ResTime" : 3982.0,
    "throughput" : 0.3811459789099225,
    "receivedKBytesPerSec" : 0.13821504573751747,
    "sentKBytesPerSec" : 0.10310296499809427
  },
  "CreateUser" : {
    "transaction" : "CreateUser",
    "sampleCount" : 1,
    "errorCount" : 0,
    "errorPct" : 0.0,
    "meanResTime" : 3982.0,
    "medianResTime" : 3982.0,
    "minResTime" : 3982.0,
    "maxResTime" : 3982.0,
    "pct1ResTime" : 3982.0,
    "pct2ResTime" : 3982.0,
    "pct3ResTime" : 3982.0,
    "throughput" : 0.25113008538422904,
    "receivedKBytesPerSec" : 0.08191157081868407,
    "sentKBytesPerSec" : 0.06670642893018583
  }
}