{
  "GenerateToken" : {
    "transaction" : "GenerateToken",
    "sampleCount" : 1,
    "errorCount" : 0,
    "errorPct" : 0.0,
    "meanResTime" : 422.0,
    "medianResTime" : 422.0,
    "minResTime" : 422.0,
    "maxResTime" : 422.0,
    "pct1ResTime" : 422.0,
    "pct2ResTime" : 422.0,
    "pct3ResTime" : 422.0,
    "throughput" : 2.3696682464454977,
    "receivedKBytesPerSec" : 1.2357449644549763,
    "sentKBytesPerSec" : 0.6502702902843602
  },
  "Authorized" : {
    "transaction" : "Authorized",
    "sampleCount" : 1,
    "errorCount" : 0,
    "errorPct" : 0.0,
    "meanResTime" : 91.0,
    "medianResTime" : 91.0,
    "minResTime" : 91.0,
    "maxResTime" : 91.0,
    "pct1ResTime" : 91.0,
    "pct2ResTime" : 91.0,
    "pct3ResTime" : 91.0,
    "throughput" : 10.989010989010989,
    "receivedKBytesPerSec" : 2.639938186813187,
    "sentKBytesPerSec" : 2.98334478021978
  },
  "Total" : {
    "transaction" : "Total",
    "sampleCount" : 3,
    "errorCount" : 0,
    "errorPct" : 0.0,
    "meanResTime" : 1247.0,
    "medianResTime" : 422.0,
    "minResTime" : 91.0,
    "maxResTime" : 3228.0,
    "pct1ResTime" : 3228.0,
    "pct2ResTime" : 3228.0,
    "pct3ResTime" : 3228.0,
    "throughput" : 0.3867973182052605,
    "receivedKBytesPerSec" : 0.1402643920835482,
    "sentKBytesPerSec" : 0.10463169642857142
  },
  "CreateUser" : {
    "transaction" : "CreateUser",
    "sampleCount" : 1,
    "errorCount" : 0,
    "errorPct" : 0.0,
    "meanResTime" : 3228.0,
    "medianResTime" : 3228.0,
    "minResTime" : 3228.0,
    "maxResTime" : 3228.0,
    "pct1ResTime" : 3228.0,
    "pct2ResTime" : 3228.0,
    "pct3ResTime" : 3228.0,
    "throughput" : 0.3097893432465923,
    "receivedKBytesPerSec" : 0.1010445709417596,
    "sentKBytesPerSec" : 0.08228779429987608
  }
}