{
  "GenerateToken" : {
    "transaction" : "GenerateToken",
    "sampleCount" : 1,
    "errorCount" : 0,
    "errorPct" : 0.0,
    "meanResTime" : 323.0,
    "medianResTime" : 323.0,
    "minResTime" : 323.0,
    "maxResTime" : 323.0,
    "pct1ResTime" : 323.0,
    "pct2ResTime" : 323.0,
    "pct3ResTime" : 323.0,
    "throughput" : 3.0959752321981426,
    "receivedKBytesPerSec" : 1.6145027089783281,
    "sentKBytesPerSec" : 0.849579140866873
  },
  "Authorized" : {
    "transaction" : "Authorized",
    "sampleCount" : 1,
    "errorCount" : 0,
    "errorPct" : 0.0,
    "meanResTime" : 284.0,
    "medianResTime" : 284.0,
    "minResTime" : 284.0,
    "maxResTime" : 284.0,
    "pct1ResTime" : 284.0,
    "pct2ResTime" : 284.0,
    "pct3ResTime" : 284.0,
    "throughput" : 3.5211267605633805,
    "receivedKBytesPerSec" : 0.8458956866197184,
    "sentKBytesPerSec" : 0.955930897887324
  },
  "Total" : {
    "transaction" : "Total",
    "sampleCount" : 3,
    "errorCount" : 0,
    "errorPct" : 0.0,
    "meanResTime" : 2054.0,
    "medianResTime" : 323.0,
    "minResTime" : 284.0,
    "maxResTime" : 5555.0,
    "pct1ResTime" : 5555.0,
    "pct2ResTime" : 5555.0,
    "pct3ResTime" : 5555.0,
    "throughput" : 0.29345593270077275,
    "receivedKBytesPerSec" : 0.10641598601193386,
    "sentKBytesPerSec" : 0.07938212242003326
  },
  "CreateUser" : {
    "transaction" : "CreateUser",
    "sampleCount" : 1,
    "errorCount" : 0,
    "errorPct" : 0.0,
    "meanResTime" : 5555.0,
    "medianResTime" : 5555.0,
    "minResTime" : 5555.0,
    "maxResTime" : 5555.0,
    "pct1ResTime" : 5555.0,
    "pct2ResTime" : 5555.0,
    "pct3ResTime" : 5555.0,
    "throughput" : 0.18001800180018002,
    "receivedKBytesPerSec" : 0.058716809180918095,
    "sentKBytesPerSec" : 0.04781728172817282
  }
}