{
  "GenerateToken" : {
    "transaction" : "GenerateToken",
    "sampleCount" : 1,
    "errorCount" : 0,
    "errorPct" : 0.0,
    "meanResTime" : 112.0,
    "medianResTime" : 112.0,
    "minResTime" : 112.0,
    "maxResTime" : 112.0,
    "pct1ResTime" : 112.0,
    "pct2ResTime" : 112.0,
    "pct3ResTime" : 112.0,
    "throughput" : 8.928571428571429,
    "receivedKBytesPerSec" : 4.656110491071429,
    "sentKBytesPerSec" : 2.4501255580357144
  },
  "Authorized" : {
    "transaction" : "Authorized",
    "sampleCount" : 1,
    "errorCount" : 0,
    "errorPct" : 0.0,
    "meanResTime" : 90.0,
    "medianResTime" : 90.0,
    "minResTime" : 90.0,
    "maxResTime" : 90.0,
    "pct1ResTime" : 90.0,
    "pct2ResTime" : 90.0,
    "pct3ResTime" : 90.0,
    "throughput" : 11.11111111111111,
    "receivedKBytesPerSec" : 2.6692708333333335,
    "sentKBytesPerSec" : 3.016493055555556
  },
  "Total" : {
    "transaction" : "Total",
    "sampleCount" : 3,
    "errorCount" : 0,
    "errorPct" : 0.0,
    "meanResTime" : 1482.3333333333335,
    "medianResTime" : 112.0,
    "minResTime" : 90.0,
    "maxResTime" : 4245.0,
    "pct1ResTime" : 4245.0,
    "pct2ResTime" : 4245.0,
    "pct3ResTime" : 4245.0,
    "throughput" : 0.3597122302158273,
    "receivedKBytesPerSec" : 0.13044252098321343,
    "sentKBytesPerSec" : 0.09730496852517986
  },
  "CreateUser" : {
    "transaction" : "CreateUser",
    "sampleCount" : 1,
    "errorCount" : 0,
    "errorPct" : 0.0,
    "meanResTime" : 4245.0,
    "medianResTime" : 4245.0,
    "minResTime" : 4245.0,
    "maxResTime" : 4245.0,
    "pct1ResTime" : 4245.0,
    "pct2ResTime" : 4245.0,
    "pct3ResTime" : 4245.0,
    "throughput" : 0.23557126030624265,
    "receivedKBytesPerSec" : 0.07683671967020024,
    "sentKBytesPerSec" : 0.0625736160188457
  }
}