{
  "GenerateToken" : {
    "transaction" : "GenerateToken",
    "sampleCount" : 1,
    "errorCount" : 0,
    "errorPct" : 0.0,
    "meanResTime" : 134.0,
    "medianResTime" : 134.0,
    "minResTime" : 134.0,
    "maxResTime" : 134.0,
    "pct1ResTime" : 134.0,
    "pct2ResTime" : 134.0,
    "pct3ResTime" : 134.0,
    "throughput" : 7.462686567164179,
    "receivedKBytesPerSec" : 3.891674440298507,
    "sentKBytesPerSec" : 2.0478661380597014
  },
  "Authorized" : {
    "transaction" : "Authorized",
    "sampleCount" : 1,
    "errorCount" : 0,
    "errorPct" : 0.0,
    "meanResTime" : 92.0,
    "medianResTime" : 92.0,
    "minResTime" : 92.0,
    "maxResTime" : 92.0,
    "pct1ResTime" : 92.0,
    "pct2ResTime" : 92.0,
    "pct3ResTime" : 92.0,
    "throughput" : 10.869565217391305,
    "receivedKBytesPerSec" : 2.6112432065217392,
    "sentKBytesPerSec" : 2.9509171195652173
  },
  "Total" : {
    "transaction" : "Total",
    "sampleCount" : 3,
    "errorCount" : 0,
    "errorPct" : 0.0,
    "meanResTime" : 2079.3333333333335,
    "medianResTime" : 134.0,
    "minResTime" : 92.0,
    "maxResTime" : 6012.0,
    "pct1ResTime" : 6012.0,
    "pct2ResTime" : 6012.0,
    "pct3ResTime" : 6012.0,
    "throughput" : 0.3244646333549643,
    "receivedKBytesPerSec" : 0.11766067759030932,
    "sentKBytesPerSec" : 0.08777021820246593
  },
  "CreateUser" : {
    "transaction" : "CreateUser",
    "sampleCount" : 1,
    "errorCount" : 0,
    "errorPct" : 0.0,
    "meanResTime" : 6012.0,
    "medianResTime" : 6012.0,
    "minResTime" : 6012.0,
    "maxResTime" : 6012.0,
    "pct1ResTime" : 6012.0,
    "pct2ResTime" : 6012.0,
    "pct3ResTime" : 6012.0,
    "throughput" : 0.16633399866932802,
    "receivedKBytesPerSec" : 0.054253472222222224,
    "sentKBytesPerSec" : 0.044182468396540255
  }
}