{
  "GenerateToken" : {
    "transaction" : "GenerateToken",
    "sampleCount" : 1,
    "errorCount" : 0,
    "errorPct" : 0.0,
    "meanResTime" : 107.0,
    "medianResTime" : 107.0,
    "minResTime" : 107.0,
    "maxResTime" : 107.0,
    "pct1ResTime" : 107.0,
    "pct2ResTime" : 107.0,
    "pct3ResTime" : 107.0,
    "throughput" : 9.345794392523365,
    "receivedKBytesPerSec" : 4.873685747663552,
    "sentKBytesPerSec" : 2.564617406542056
  },
  "Authorized" : {
    "transaction" : "Authorized",
    "sampleCount" : 1,
    "errorCount" : 0,
    "errorPct" : 0.0,
    "meanResTime" : 83.0,
    "medianResTime" : 83.0,
    "minResTime" : 83.0,
    "maxResTime" : 83.0,
    "pct1ResTime" : 83.0,
    "pct2ResTime" : 83.0,
    "pct3ResTime" : 83.0,
    "throughput" : 12.048192771084338,
    "receivedKBytesPerSec" : 2.894390060240964,
    "sentKBytesPerSec" : 3.270896084337349
  },
  "Total" : {
    "transaction" : "Total",
    "sampleCount" : 3,
    "errorCount" : 0,
    "errorPct" : 0.0,
    "meanResTime" : 1713.6666666666665,
    "medianResTime" : 107.0,
    "minResTime" : 83.0,
    "maxResTime" : 4951.0,
    "pct1ResTime" : 4951.0,
    "pct2ResTime" : 4951.0,
    "pct3ResTime" : 4951.0,
    "throughput" : 0.29943108094620224,
    "receivedKBytesPerSec" : 0.1085827552649965,
    "sentKBytesPerSec" : 0.08099844670126759
  },
  "CreateUser" : {
    "transaction" : "CreateUser",
    "sampleCount" : 1,
    "errorCount" : 0,
    "errorPct" : 0.0,
    "meanResTime" : 4951.0,
    "medianResTime" : 4951.0,
    "minResTime" : 4951.0,
    "maxResTime" : 4951.0,
    "pct1ResTime" : 4951.0,
    "pct2ResTime" : 4951.0,
    "pct3ResTime" : 4951.0,
    "throughput" : 0.20197939810139365,
    "receivedKBytesPerSec" : 0.06587999899010301,
    "sentKBytesPerSec" : 0.053650777620682696
  }
}