{
  "GenerateToken" : {
    "transaction" : "GenerateToken",
    "sampleCount" : 1,
    "errorCount" : 0,
    "errorPct" : 0.0,
    "meanResTime" : 111.0,
    "medianResTime" : 111.0,
    "minResTime" : 111.0,
    "maxResTime" : 111.0,
    "pct1ResTime" : 111.0,
    "pct2ResTime" : 111.0,
    "pct3ResTime" : 111.0,
    "throughput" : 9.00900900900901,
    "receivedKBytesPerSec" : 4.6980574324324325,
    "sentKBytesPerSec" : 2.4721987612612613
  },
  "Authorized" : {
    "transaction" : "Authorized",
    "sampleCount" : 1,
    "errorCount" : 0,
    "errorPct" : 0.0,
    "meanResTime" : 93.0,
    "medianResTime" : 93.0,
    "minResTime" : 93.0,
    "maxResTime" : 93.0,
    "pct1ResTime" : 93.0,
    "pct2ResTime" : 93.0,
    "pct3ResTime" : 93.0,
    "throughput" : 10.752688172043012,
    "receivedKBytesPerSec" : 2.583165322580645,
    "sentKBytesPerSec" : 2.9191868279569895
  },
  "Total" : {
    "transaction" : "Total",
    "sampleCount" : 3,
    "errorCount" : 0,
    "errorPct" : 0.0,
    "meanResTime" : 1717.0,
    "medianResTime" : 111.0,
    "minResTime" : 93.0,
    "maxResTime" : 4947.0,
    "pct1ResTime" : 4947.0,
    "pct2ResTime" : 4947.0,
    "pct3ResTime" : 4947.0,
    "throughput" : 0.3743916136278548,
    "receivedKBytesPerSec" : 0.1357657088481218,
    "sentKBytesPerSec" : 0.10127585642081617
  },
  "CreateUser" : {
    "transaction" : "CreateUser",
    "sampleCount" : 1,
    "errorCount" : 0,
    "errorPct" : 0.0,
    "meanResTime" : 4947.0,
    "medianResTime" : 4947.0,
    "minResTime" : 4947.0,
    "maxResTime" : 4947.0,
    "pct1ResTime" : 4947.0,
    "pct2ResTime" : 4947.0,
    "pct3ResTime" : 4947.0,
    "throughput" : 0.20214271275520515,
    "receivedKBytesPerSec" : 0.06593326763695169,
    "sentKBytesPerSec" : 0.05369415807560137
  }
}