{
  "GenerateToken" : {
    "transaction" : "GenerateToken",
    "sampleCount" : 1,
    "errorCount" : 0,
    "errorPct" : 0.0,
    "meanResTime" : 112.0,
    "medianResTime" : 112.0,
    "minResTime" : 112.0,
    "maxResTime" : 112.0,
    "pct1ResTime" : 112.0,
    "pct2ResTime" : 112.0,
    "pct3ResTime" : 112.0,
    "throughput" : 8.928571428571429,
    "receivedKBytesPerSec" : 4.656110491071429,
    "sentKBytesPerSec" : 2.4501255580357144
  },
  "Authorized" : {
    "transaction" : "Authorized",
    "sampleCount" : 1,
    "errorCount" : 0,
    "errorPct" : 0.0,
    "meanResTime" : 88.0,
    "medianResTime" : 88.0,
    "minResTime" : 88.0,
    "maxResTime" : 88.0,
    "pct1ResTime" : 88.0,
    "pct2ResTime" : 88.0,
    "pct3ResTime" : 88.0,
    "throughput" : 11.363636363636363,
    "receivedKBytesPerSec" : 2.7299360795454546,
    "sentKBytesPerSec" : 3.0850497159090913
  },
  "Total" : {
    "transaction" : "Total",
    "sampleCount" : 3,
    "errorCount" : 0,
    "errorPct" : 0.0,
    "meanResTime" : 2629.333333333333,
    "medianResTime" : 112.0,
    "minResTime" : 88.0,
    "maxResTime" : 7688.0,
    "pct1ResTime" : 7688.0,
    "pct2ResTime" : 7688.0,
    "pct3ResTime" : 7688.0,
    "throughput" : 0.2329192546583851,
    "receivedKBytesPerSec" : 0.0844635578416149,
    "sentKBytesPerSec" : 0.06300647806677018
  },
  "CreateUser" : {
    "transaction" : "CreateUser",
    "sampleCount" : 1,
    "errorCount" : 0,
    "errorPct" : 0.0,
    "meanResTime" : 7688.0,
    "medianResTime" : 7688.0,
    "minResTime" : 7688.0,
    "maxResTime" : 7688.0,
    "pct1ResTime" : 7688.0,
    "pct2ResTime" : 7688.0,
    "pct3ResTime" : 7688.0,
    "throughput" : 0.1300728407908429,
    "receivedKBytesPerSec" : 0.042426102367325705,
    "sentKBytesPerSec" : 0.03455059833506764
  }
}